startTime, latency, requestType, statusCode
1635639422218, 212, POST, 200
1635639422454, 91, POST, 200
1635639422545, 96, POST, 200
1635639422644, 95, POST, 200
1635639422740, 96, POST, 200
1635639422840, 93, POST, 200
1635639422934, 94, POST, 200
1635639423029, 99, POST, 200
1635639423128, 95, POST, 200
1635639423224, 101, POST, 200
1635639423327, 93, POST, 200
1635639423423, 93, POST, 200
1635639423517, 96, POST, 200
1635639423615, 98, POST, 200
1635639423715, 104, POST, 200
1635639423821, 91, POST, 200
1635639423913, 95, POST, 200
1635639424009, 98, POST, 200
1635639424110, 99, POST, 200
1635639424211, 95, POST, 200
1635639424308, 101, POST, 200
1635639424412, 97, POST, 200
1635639424510, 103, POST, 200
1635639424614, 90, POST, 200
1635639424707, 94, POST, 200
1635639424802, 95, POST, 200
1635639424898, 97, POST, 200
1635639424996, 95, POST, 200
1635639425091, 101, POST, 200
1635639425192, 110, POST, 200
1635639425302, 91, POST, 200
1635639425395, 93, POST, 200
1635639422215, 215, POST, 200
1635639422455, 98, POST, 200
1635639422553, 94, POST, 200
1635639422648, 98, POST, 200
1635639422750, 93, POST, 200
1635639422844, 91, POST, 200
1635639422937, 96, POST, 200
1635639423035, 90, POST, 200
1635639423128, 92, POST, 200
1635639423223, 99, POST, 200
1635639423328, 102, POST, 200
1635639423432, 96, POST, 200
1635639423534, 100, POST, 200
1635639423635, 95, POST, 200
1635639423733, 102, POST, 200
1635639423836, 100, POST, 200
1635639423939, 91, POST, 200
1635639424035, 92, POST, 200
1635639424131, 92, POST, 200
1635639424225, 102, POST, 200
1635639424327, 96, POST, 200
1635639424423, 97, POST, 200
1635639424522, 96, POST, 200
1635639424618, 92, POST, 200
1635639424710, 94, POST, 200
1635639424807, 95, POST, 200
1635639424909, 99, POST, 200
1635639425008, 96, POST, 200
1635639425110, 95, POST, 200
1635639425205, 98, POST, 200
1635639425303, 95, POST, 200
1635639425399, 92, POST, 200
1635639422215, 215, POST, 200
1635639422459, 102, POST, 200
1635639422564, 99, POST, 200
1635639422665, 95, POST, 200
1635639422760, 95, POST, 200
1635639422856, 93, POST, 200
1635639422951, 93, POST, 200
1635639423045, 98, POST, 200
1635639423143, 93, POST, 200
1635639423238, 92, POST, 200
1635639423331, 95, POST, 200
1635639423435, 94, POST, 200
1635639423533, 94, POST, 200
1635639423629, 96, POST, 200
1635639423727, 96, POST, 200
1635639423825, 104, POST, 200
1635639423931, 102, POST, 200
1635639424034, 94, POST, 200
1635639424129, 96, POST, 200
1635639424225, 94, POST, 200
1635639424320, 95, POST, 200
1635639424416, 97, POST, 200
1635639424516, 96, POST, 200
1635639424614, 95, POST, 200
1635639424710, 96, POST, 200
1635639424807, 101, POST, 200
1635639424909, 91, POST, 200
1635639425008, 94, POST, 200
1635639425110, 95, POST, 200
1635639425205, 97, POST, 200
1635639425302, 93, POST, 200
1635639425395, 98, POST, 200
1635639422215, 211, POST, 200
1635639422436, 94, POST, 200
1635639422532, 94, POST, 200
1635639422628, 95, POST, 200
1635639422725, 92, POST, 200
1635639422823, 96, POST, 200
1635639422919, 97, POST, 200
1635639423017, 97, POST, 200
1635639423122, 97, POST, 200
1635639423220, 102, POST, 200
1635639423325, 91, POST, 200
1635639423418, 98, POST, 200
1635639423519, 94, POST, 200
1635639423615, 98, POST, 200
1635639423715, 97, POST, 200
1635639423816, 93, POST, 200
1635639423910, 98, POST, 200
1635639424015, 96, POST, 200
1635639424113, 96, POST, 200
1635639424210, 97, POST, 200
1635639424307, 98, POST, 200
1635639424406, 103, POST, 200
1635639424510, 97, POST, 200
1635639424608, 96, POST, 200
1635639424708, 92, POST, 200
1635639424802, 100, POST, 200
1635639424909, 91, POST, 200
1635639425008, 94, POST, 200
1635639425110, 98, POST, 200
1635639425208, 95, POST, 200
1635639425303, 95, POST, 200
1635639425399, 98, POST, 200
1635639422215, 198, POST, 200
1635639422414, 93, POST, 200
1635639422519, 96, POST, 200
1635639422616, 101, POST, 200
1635639422718, 95, POST, 200
1635639422814, 105, POST, 200
1635639422922, 97, POST, 200
1635639423021, 93, POST, 200
1635639423123, 96, POST, 200
1635639423226, 98, POST, 200
1635639423330, 96, POST, 200
1635639423436, 93, POST, 200
1635639423534, 95, POST, 200
1635639423629, 103, POST, 200
1635639423733, 102, POST, 200
1635639423836, 100, POST, 200
1635639423950, 92, POST, 200
1635639424052, 94, POST, 200
1635639424151, 92, POST, 200
1635639424246, 92, POST, 200
1635639424340, 100, POST, 200
1635639424440, 95, POST, 200
1635639424536, 97, POST, 200
1635639424634, 98, POST, 200
1635639424735, 99, POST, 200
1635639424835, 98, POST, 200
1635639424936, 91, POST, 200
1635639425034, 105, POST, 200
1635639425140, 93, POST, 200
1635639425233, 98, POST, 200
1635639425332, 93, POST, 200
1635639425433, 91, POST, 200
1635639422218, 214, POST, 200
1635639422460, 103, POST, 200
1635639422568, 92, POST, 200
1635639422668, 96, POST, 200
1635639422768, 99, POST, 200
1635639422868, 96, POST, 200
1635639422967, 92, POST, 200
1635639423061, 92, POST, 200
1635639423154, 99, POST, 200
1635639423257, 95, POST, 200
1635639423353, 96, POST, 200
1635639423452, 96, POST, 200
1635639423548, 98, POST, 200
1635639423651, 93, POST, 200
1635639423750, 100, POST, 200
1635639423850, 91, POST, 200
1635639423948, 98, POST, 200
1635639424047, 100, POST, 200
1635639424150, 96, POST, 200
1635639424247, 96, POST, 200
1635639424344, 97, POST, 200
1635639424442, 96, POST, 200
1635639424539, 94, POST, 200
1635639424634, 98, POST, 200
1635639424735, 95, POST, 200
1635639424831, 96, POST, 200
1635639424927, 98, POST, 200
1635639425025, 94, POST, 200
1635639425124, 109, POST, 200
1635639425233, 98, POST, 200
1635639425332, 94, POST, 200
1635639425437, 93, POST, 200
1635639422219, 215, POST, 200
1635639422455, 104, POST, 200
1635639422563, 100, POST, 200
1635639422665, 102, POST, 200
1635639422768, 94, POST, 200
1635639422862, 95, POST, 200
1635639422959, 102, POST, 200
1635639423062, 94, POST, 200
1635639423160, 93, POST, 200
1635639423261, 91, POST, 200
1635639423353, 96, POST, 200
1635639423450, 98, POST, 200
1635639423550, 96, POST, 200
1635639423651, 93, POST, 200
1635639423750, 95, POST, 200
1635639423848, 94, POST, 200
1635639423947, 96, POST, 200
1635639424047, 94, POST, 200
1635639424141, 98, POST, 200
1635639424239, 100, POST, 200
1635639424340, 97, POST, 200
1635639424440, 98, POST, 200
1635639424539, 99, POST, 200
1635639424638, 101, POST, 200
1635639424740, 94, POST, 200
1635639424839, 98, POST, 200
1635639424938, 96, POST, 200
1635639425035, 109, POST, 200
1635639425144, 92, POST, 200
1635639425236, 95, POST, 200
1635639425332, 94, POST, 200
1635639425437, 93, POST, 200
1635639422215, 211, POST, 200
1635639422455, 96, POST, 200
1635639422555, 99, POST, 200
1635639422654, 97, POST, 200
1635639422753, 95, POST, 200
1635639422848, 92, POST, 200
1635639422944, 94, POST, 200
1635639423039, 99, POST, 200
1635639423139, 97, POST, 200
1635639423238, 96, POST, 200
1635639423336, 92, POST, 200
1635639423433, 95, POST, 200
1635639423533, 94, POST, 200
1635639423635, 95, POST, 200
1635639423733, 107, POST, 200
1635639423840, 96, POST, 200
1635639423947, 99, POST, 200
1635639424052, 94, POST, 200
1635639424150, 94, POST, 200
1635639424246, 93, POST, 200
1635639424341, 96, POST, 200
1635639424440, 92, POST, 200
1635639424536, 97, POST, 200
1635639424636, 102, POST, 200
1635639424739, 94, POST, 200
1635639424836, 95, POST, 200
1635639424936, 93, POST, 200
1635639425034, 106, POST, 200
1635639425142, 92, POST, 200
1635639425234, 97, POST, 200
1635639425332, 94, POST, 200
1635639425437, 94, POST, 200
1635639425546, 221, POST, 200
1635639425768, 93, POST, 200
1635639425864, 101, POST, 200
1635639425966, 92, POST, 200
1635639426058, 97, POST, 200
1635639426155, 97, POST, 200
1635639426253, 93, POST, 200
1635639426347, 103, POST, 200
1635639426450, 95, POST, 200
1635639426545, 97, POST, 200
1635639426642, 95, POST, 200
1635639426743, 97, POST, 200
1635639426840, 92, POST, 200
1635639426935, 90, POST, 200
1635639427027, 92, POST, 200
1635639427119, 93, POST, 200
1635639427212, 99, POST, 200
1635639427314, 94, POST, 200
1635639427411, 92, POST, 200
1635639427503, 93, POST, 200
1635639427596, 99, POST, 200
1635639427695, 102, POST, 200
1635639427799, 95, POST, 200
1635639427899, 98, POST, 200
1635639425543, 209, POST, 200
1635639425753, 90, POST, 200
1635639425844, 99, POST, 200
1635639425943, 102, POST, 200
1635639426045, 105, POST, 200
1635639426153, 94, POST, 200
1635639426249, 90, POST, 200
1635639426343, 99, POST, 200
1635639426445, 99, POST, 200
1635639426545, 94, POST, 200
1635639426642, 100, POST, 200
1635639426743, 95, POST, 200
1635639426840, 94, POST, 200
1635639426936, 95, POST, 200
1635639427033, 94, POST, 200
1635639427127, 96, POST, 200
1635639427223, 95, POST, 200
1635639427319, 100, POST, 200
1635639427419, 97, POST, 200
1635639427517, 93, POST, 200
1635639427611, 96, POST, 200
1635639427711, 94, POST, 200
1635639427805, 97, POST, 200
1635639427906, 99, POST, 200
1635639425542, 201, POST, 200
1635639425745, 93, POST, 200
1635639425842, 95, POST, 200
1635639425938, 91, POST, 200
1635639426030, 99, POST, 200
1635639426134, 94, POST, 200
1635639426238, 95, POST, 200
1635639426344, 97, POST, 200
1635639426442, 101, POST, 200
1635639426556, 98, POST, 200
1635639426657, 94, POST, 200
1635639426753, 90, POST, 200
1635639426845, 94, POST, 200
1635639426943, 96, POST, 200
1635639427042, 100, POST, 200
1635639427142, 94, POST, 200
1635639427238, 93, POST, 200
1635639427331, 93, POST, 200
1635639427426, 97, POST, 200
1635639427523, 100, POST, 200
1635639427625, 100, POST, 200
1635639427727, 99, POST, 200
1635639427827, 103, POST, 200
1635639427930, 94, POST, 200
1635639425542, 226, POST, 200
1635639425768, 98, POST, 200
1635639425867, 104, POST, 200
1635639425971, 101, POST, 200
1635639426072, 96, POST, 200
1635639426168, 91, POST, 200
1635639426261, 95, POST, 200
1635639426356, 96, POST, 200
1635639426452, 96, POST, 200
1635639426555, 95, POST, 200
1635639426662, 97, POST, 200
1635639426769, 103, POST, 200
1635639426873, 91, POST, 200
1635639426970, 96, POST, 200
1635639427066, 96, POST, 200
1635639427165, 90, POST, 200
1635639427258, 96, POST, 200
1635639427355, 100, POST, 200
1635639427461, 95, POST, 200
1635639427556, 90, POST, 200
1635639427649, 92, POST, 200
1635639427741, 94, POST, 200
1635639427836, 100, POST, 200
1635639427937, 98, POST, 200
1635639425553, 216, POST, 200
1635639425769, 96, POST, 200
1635639425867, 98, POST, 200
1635639425966, 100, POST, 200
1635639426066, 95, POST, 200
1635639426163, 96, POST, 200
1635639426261, 94, POST, 200
1635639426355, 91, POST, 200
1635639426451, 92, POST, 200
1635639426553, 101, POST, 200
1635639426662, 95, POST, 200
1635639426768, 98, POST, 200
1635639426867, 92, POST, 200
1635639426964, 100, POST, 200
1635639427064, 97, POST, 200
1635639427163, 94, POST, 200
1635639427258, 96, POST, 200
1635639427354, 95, POST, 200
1635639427450, 91, POST, 200
1635639427543, 94, POST, 200
1635639427637, 104, POST, 200
1635639427741, 96, POST, 200
1635639427841, 102, POST, 200
1635639427943, 94, POST, 200
1635639425544, 219, POST, 200
1635639425763, 97, POST, 200
1635639425861, 96, POST, 200
1635639425958, 98, POST, 200
1635639426058, 92, POST, 200
1635639426154, 95, POST, 200
1635639426250, 96, POST, 200
1635639426347, 95, POST, 200
1635639426445, 98, POST, 200
1635639426555, 99, POST, 200
1635639426662, 95, POST, 200
1635639426768, 98, POST, 200
1635639426868, 96, POST, 200
1635639426969, 98, POST, 200
1635639427067, 95, POST, 200
1635639427165, 99, POST, 200
1635639427264, 97, POST, 200
1635639427361, 97, POST, 200
1635639427461, 92, POST, 200
1635639427556, 95, POST, 200
1635639427651, 94, POST, 200
1635639427746, 92, POST, 200
1635639427841, 96, POST, 200
1635639427937, 100, POST, 200
1635639425555, 222, POST, 200
1635639425777, 100, POST, 200
1635639425880, 103, POST, 200
1635639425987, 101, POST, 200
1635639426088, 102, POST, 200
1635639426191, 94, POST, 200
1635639426288, 96, POST, 200
1635639426391, 95, POST, 200
1635639426491, 92, POST, 200
1635639426584, 96, POST, 200
1635639426681, 97, POST, 200
1635639426779, 94, POST, 200
1635639426873, 97, POST, 200
1635639426970, 99, POST, 200
1635639427069, 99, POST, 200
1635639427169, 95, POST, 200
1635639427264, 97, POST, 200
1635639427362, 94, POST, 200
1635639427461, 90, POST, 200
1635639427554, 90, POST, 200
1635639427645, 96, POST, 200
1635639427746, 99, POST, 200
1635639427845, 106, POST, 200
1635639427952, 97, POST, 200
1635639425554, 239, POST, 200
1635639425797, 95, POST, 200
1635639425897, 96, POST, 200
1635639425993, 102, POST, 200
1635639426095, 94, POST, 200
1635639426191, 94, POST, 200
1635639426288, 96, POST, 200
1635639426387, 96, POST, 200
1635639426484, 99, POST, 200
1635639426584, 93, POST, 200
1635639426681, 94, POST, 200
1635639426779, 93, POST, 200
1635639426873, 91, POST, 200
1635639426969, 98, POST, 200
1635639427068, 100, POST, 200
1635639427169, 100, POST, 200
1635639427271, 93, POST, 200
1635639427365, 93, POST, 200
1635639427459, 93, POST, 200
1635639427554, 95, POST, 200
1635639427649, 96, POST, 200
1635639427749, 102, POST, 200
1635639427853, 95, POST, 200
1635639427952, 99, POST, 200
1635639425540, 212, POST, 200
1635639425759, 93, POST, 200
1635639425852, 97, POST, 200
1635639425952, 93, POST, 200
1635639426045, 99, POST, 200
1635639426145, 98, POST, 200
1635639426243, 98, POST, 200
1635639426342, 97, POST, 200
1635639426445, 98, POST, 200
1635639426558, 96, POST, 200
1635639426657, 102, POST, 200
1635639426762, 101, POST, 200
1635639426863, 96, POST, 200
1635639426961, 103, POST, 200
1635639427064, 95, POST, 200
1635639427165, 92, POST, 200
1635639427258, 104, POST, 200
1635639427362, 96, POST, 200
1635639427459, 92, POST, 200
1635639427557, 107, POST, 200
1635639427665, 93, POST, 200
1635639427759, 92, POST, 200
1635639427853, 95, POST, 200
1635639427952, 100, POST, 200
1635639425549, 232, POST, 200
1635639425784, 102, POST, 200
1635639425886, 98, POST, 200
1635639425987, 98, POST, 200
1635639426089, 99, POST, 200
1635639426192, 92, POST, 200
1635639426289, 95, POST, 200
1635639426391, 95, POST, 200
1635639426490, 97, POST, 200
1635639426588, 96, POST, 200
1635639426684, 97, POST, 200
1635639426784, 93, POST, 200
1635639426881, 96, POST, 200
1635639426981, 102, POST, 200
1635639427086, 96, POST, 200
1635639427184, 98, POST, 200
1635639427282, 94, POST, 200
1635639427378, 93, POST, 200
1635639427471, 97, POST, 200
1635639427572, 94, POST, 200
1635639427667, 91, POST, 200
1635639427759, 97, POST, 200
1635639427860, 99, POST, 200
1635639427959, 99, POST, 200
1635639425552, 217, POST, 200
1635639425773, 101, POST, 200
1635639425883, 98, POST, 200
1635639425985, 92, POST, 200
1635639426077, 97, POST, 200
1635639426175, 95, POST, 200
1635639426271, 94, POST, 200
1635639426367, 95, POST, 200
1635639426462, 91, POST, 200
1635639426558, 99, POST, 200
1635639426662, 98, POST, 200
1635639426768, 98, POST, 200
1635639426867, 92, POST, 200
1635639426964, 102, POST, 200
1635639427066, 93, POST, 200
1635639427166, 96, POST, 200
1635639427264, 97, POST, 200
1635639427361, 94, POST, 200
1635639427463, 99, POST, 200
1635639427563, 97, POST, 200
1635639427660, 94, POST, 200
1635639427757, 94, POST, 200
1635639427853, 105, POST, 200
1635639427959, 99, POST, 200
1635639425543, 200, POST, 200
1635639425744, 96, POST, 200
1635639425842, 95, POST, 200
1635639425939, 96, POST, 200
1635639426037, 94, POST, 200
1635639426134, 95, POST, 200
1635639426242, 92, POST, 200
1635639426344, 95, POST, 200
1635639426453, 96, POST, 200
1635639426553, 94, POST, 200
1635639426647, 97, POST, 200
1635639426745, 98, POST, 200
1635639426846, 98, POST, 200
1635639426946, 96, POST, 200
1635639427044, 98, POST, 200
1635639427142, 94, POST, 200
1635639427242, 95, POST, 200
1635639427342, 101, POST, 200
1635639427444, 98, POST, 200
1635639427543, 101, POST, 200
1635639427644, 97, POST, 200
1635639427745, 93, POST, 200
1635639427841, 107, POST, 200
1635639427953, 104, POST, 200
1635639425538, 217, POST, 200
1635639425761, 99, POST, 200
1635639425861, 96, POST, 200
1635639425958, 93, POST, 200
1635639426052, 98, POST, 200
1635639426154, 93, POST, 200
1635639426249, 90, POST, 200
1635639426347, 99, POST, 200
1635639426451, 97, POST, 200
1635639426555, 99, POST, 200
1635639426662, 97, POST, 200
1635639426760, 96, POST, 200
1635639426856, 103, POST, 200
1635639426961, 103, POST, 200
1635639427064, 97, POST, 200
1635639427166, 98, POST, 200
1635639427264, 100, POST, 200
1635639427365, 98, POST, 200
1635639427465, 99, POST, 200
1635639427568, 98, POST, 200
1635639427667, 97, POST, 200
1635639427765, 91, POST, 200
1635639427860, 100, POST, 200
1635639427960, 103, POST, 200
1635639425552, 229, POST, 200
1635639425786, 100, POST, 200
1635639425887, 106, POST, 200
1635639425995, 102, POST, 200
1635639426099, 99, POST, 200
1635639426198, 99, POST, 200
1635639426299, 95, POST, 200
1635639426395, 100, POST, 200
1635639426497, 99, POST, 200
1635639426598, 92, POST, 200
1635639426694, 94, POST, 200
1635639426792, 93, POST, 200
1635639426887, 94, POST, 200
1635639426981, 94, POST, 200
1635639427076, 97, POST, 200
1635639427175, 100, POST, 200
1635639427277, 92, POST, 200
1635639427369, 100, POST, 200
1635639427471, 100, POST, 200
1635639427572, 104, POST, 200
1635639427676, 99, POST, 200
1635639427775, 96, POST, 200
1635639427874, 101, POST, 200
1635639427975, 98, POST, 200
1635639425538, 236, POST, 200
1635639425776, 98, POST, 200
1635639425880, 98, POST, 200
1635639425988, 100, POST, 200
1635639426088, 102, POST, 200
1635639426192, 92, POST, 200
1635639426288, 99, POST, 200
1635639426387, 103, POST, 200
1635639426490, 93, POST, 200
1635639426584, 96, POST, 200
1635639426681, 98, POST, 200
1635639426780, 97, POST, 200
1635639426881, 99, POST, 200
1635639426981, 95, POST, 200
1635639427078, 104, POST, 200
1635639427185, 97, POST, 200
1635639427282, 96, POST, 200
1635639427380, 95, POST, 200
1635639427477, 99, POST, 200
1635639427576, 100, POST, 200
1635639427676, 98, POST, 200
1635639427775, 96, POST, 200
1635639427876, 99, POST, 200
1635639427975, 95, POST, 200
1635639425554, 252, POST, 200
1635639425806, 97, POST, 200
1635639425909, 107, POST, 200
1635639426024, 97, POST, 200
1635639426123, 91, POST, 200
1635639426217, 91, POST, 200
1635639426313, 92, POST, 200
1635639426405, 97, POST, 200
1635639426503, 99, POST, 200
1635639426602, 95, POST, 200
1635639426698, 96, POST, 200
1635639426797, 97, POST, 200
1635639426896, 98, POST, 200
1635639426994, 93, POST, 200
1635639427091, 97, POST, 200
1635639427193, 104, POST, 200
1635639427297, 95, POST, 200
1635639427395, 94, POST, 200
1635639427490, 95, POST, 200
1635639427589, 91, POST, 200
1635639427683, 96, POST, 200
1635639427780, 97, POST, 200
1635639427877, 98, POST, 200
1635639427975, 95, POST, 200
1635639425545, 248, POST, 200
1635639425797, 96, POST, 200
1635639425897, 103, POST, 200
1635639426002, 96, POST, 200
1635639426098, 96, POST, 200
1635639426200, 99, POST, 200
1635639426302, 100, POST, 200
1635639426403, 99, POST, 200
1635639426503, 95, POST, 200
1635639426598, 92, POST, 200
1635639426694, 98, POST, 200
1635639426793, 95, POST, 200
1635639426890, 94, POST, 200
1635639426988, 95, POST, 200
1635639427086, 98, POST, 200
1635639427184, 96, POST, 200
1635639427284, 94, POST, 200
1635639427380, 95, POST, 200
1635639427477, 99, POST, 200
1635639427577, 100, POST, 200
1635639427678, 96, POST, 200
1635639427776, 98, POST, 200
1635639427875, 100, POST, 200
1635639427975, 105, POST, 200
1635639425550, 229, POST, 200
1635639425782, 96, POST, 200
1635639425880, 101, POST, 200
1635639425988, 96, POST, 200
1635639426095, 98, POST, 200
1635639426204, 92, POST, 200
1635639426302, 99, POST, 200
1635639426402, 91, POST, 200
1635639426500, 93, POST, 200
1635639426599, 90, POST, 200
1635639426694, 93, POST, 200
1635639426792, 93, POST, 200
1635639426887, 90, POST, 200
1635639426981, 101, POST, 200
1635639427091, 97, POST, 200
1635639427192, 98, POST, 200
1635639427292, 100, POST, 200
1635639427393, 96, POST, 200
1635639427490, 96, POST, 200
1635639427591, 99, POST, 200
1635639427690, 104, POST, 200
1635639427794, 94, POST, 200
1635639427890, 94, POST, 200
1635639427984, 92, POST, 200
1635639425547, 222, POST, 200
1635639425806, 102, POST, 200
1635639425918, 100, POST, 200
1635639426023, 100, POST, 200
1635639426123, 98, POST, 200
1635639426222, 92, POST, 200
1635639426316, 94, POST, 200
1635639426411, 101, POST, 200
1635639426515, 99, POST, 200
1635639426614, 95, POST, 200
1635639426713, 94, POST, 200
1635639426809, 97, POST, 200
1635639426908, 94, POST, 200
1635639427002, 90, POST, 200
1635639427096, 91, POST, 200
1635639427192, 98, POST, 200
1635639427291, 99, POST, 200
1635639427390, 91, POST, 200
1635639427487, 99, POST, 200
1635639427588, 95, POST, 200
1635639427683, 97, POST, 200
1635639427780, 105, POST, 200
1635639427886, 97, POST, 200
1635639427984, 92, POST, 200
1635639425539, 231, POST, 200
1635639425774, 100, POST, 200
1635639425878, 93, POST, 200
1635639425971, 100, POST, 200
1635639426072, 96, POST, 200
1635639426171, 95, POST, 200
1635639426266, 99, POST, 200
1635639426365, 92, POST, 200
1635639426457, 99, POST, 200
1635639426559, 98, POST, 200
1635639426662, 98, POST, 200
1635639426768, 99, POST, 200
1635639426867, 101, POST, 200
1635639426968, 100, POST, 200
1635639427069, 104, POST, 200
1635639427175, 103, POST, 200
1635639427284, 100, POST, 200
1635639427387, 95, POST, 200
1635639427485, 101, POST, 200
1635639427589, 97, POST, 200
1635639427687, 101, POST, 200
1635639427790, 98, POST, 200
1635639427890, 94, POST, 200
1635639427985, 98, POST, 200
1635639425555, 248, POST, 200
1635639425806, 100, POST, 200
1635639425910, 108, POST, 200
1635639426021, 101, POST, 200
1635639426129, 93, POST, 200
1635639426222, 98, POST, 200
1635639426321, 97, POST, 200
1635639426419, 93, POST, 200
1635639426515, 93, POST, 200
1635639426609, 94, POST, 200
1635639426703, 99, POST, 200
1635639426802, 92, POST, 200
1635639426896, 94, POST, 200
1635639426990, 92, POST, 200
1635639427087, 101, POST, 200
1635639427193, 98, POST, 200
1635639427291, 96, POST, 200
1635639427390, 98, POST, 200
1635639427489, 96, POST, 200
1635639427591, 99, POST, 200
1635639427696, 101, POST, 200
1635639427799, 98, POST, 200
1635639427897, 91, POST, 200
1635639427997, 93, POST, 200
1635639425556, 241, POST, 200
1635639425797, 104, POST, 200
1635639425908, 107, POST, 200
1635639426029, 100, POST, 200
1635639426132, 99, POST, 200
1635639426235, 93, POST, 200
1635639426329, 97, POST, 200
1635639426428, 99, POST, 200
1635639426527, 100, POST, 200
1635639426627, 102, POST, 200
1635639426733, 99, POST, 200
1635639426833, 99, POST, 200
1635639426935, 90, POST, 200
1635639427027, 100, POST, 200
1635639427127, 93, POST, 200
1635639427220, 94, POST, 200
1635639427314, 97, POST, 200
1635639427411, 102, POST, 200
1635639427514, 96, POST, 200
1635639427611, 96, POST, 200
1635639427711, 92, POST, 200
1635639427803, 94, POST, 200
1635639427899, 100, POST, 200
1635639427999, 97, POST, 200
1635639425549, 230, POST, 200
1635639425784, 102, POST, 200
1635639425888, 103, POST, 200
1635639425995, 98, POST, 200
1635639426094, 98, POST, 200
1635639426204, 93, POST, 200
1635639426302, 99, POST, 200
1635639426402, 91, POST, 200
1635639426500, 98, POST, 200
1635639426598, 92, POST, 200
1635639426694, 94, POST, 200
1635639426792, 95, POST, 200
1635639426887, 97, POST, 200
1635639426988, 94, POST, 200
1635639427086, 96, POST, 200
1635639427185, 99, POST, 200
1635639427284, 103, POST, 200
1635639427387, 94, POST, 200
1635639427487, 96, POST, 200
1635639427591, 104, POST, 200
1635639427695, 104, POST, 200
1635639427800, 97, POST, 200
1635639427899, 100, POST, 200
1635639427999, 92, POST, 200
1635639425546, 223, POST, 200
1635639425773, 94, POST, 200
1635639425880, 99, POST, 200
1635639425987, 99, POST, 200
1635639426095, 99, POST, 200
1635639426197, 92, POST, 200
1635639426289, 105, POST, 200
1635639426395, 102, POST, 200
1635639426497, 90, POST, 200
1635639426588, 106, POST, 200
1635639426694, 94, POST, 200
1635639426792, 95, POST, 200
1635639426888, 96, POST, 200
1635639426988, 95, POST, 200
1635639427086, 96, POST, 200
1635639427184, 94, POST, 200
1635639427287, 100, POST, 200
1635639427387, 95, POST, 200
1635639427482, 103, POST, 200
1635639427588, 95, POST, 200
1635639427684, 105, POST, 200
1635639427790, 100, POST, 200
1635639427891, 106, POST, 200
1635639427997, 99, POST, 200
1635639425546, 215, POST, 200
1635639425772, 94, POST, 200
1635639425883, 100, POST, 200
1635639425987, 96, POST, 200
1635639426095, 97, POST, 200
1635639426204, 92, POST, 200
1635639426302, 103, POST, 200
1635639426407, 103, POST, 200
1635639426510, 98, POST, 200
1635639426609, 104, POST, 200
1635639426713, 102, POST, 200
1635639426815, 91, POST, 200
1635639426908, 93, POST, 200
1635639427002, 90, POST, 200
1635639427094, 93, POST, 200
1635639427192, 98, POST, 200
1635639427292, 98, POST, 200
1635639427395, 93, POST, 200
1635639427490, 93, POST, 200
1635639427591, 99, POST, 200
1635639427690, 104, POST, 200
1635639427794, 102, POST, 200
1635639427901, 101, POST, 200
1635639428002, 96, POST, 200
1635639425547, 246, POST, 200
1635639425797, 100, POST, 200
1635639425898, 102, POST, 200
1635639426002, 96, POST, 200
1635639426105, 93, POST, 200
1635639426200, 97, POST, 200
1635639426299, 103, POST, 200
1635639426403, 92, POST, 200
1635639426501, 92, POST, 200
1635639426599, 98, POST, 200
1635639426697, 96, POST, 200
1635639426796, 92, POST, 200
1635639426890, 98, POST, 200
1635639426990, 97, POST, 200
1635639427087, 95, POST, 200
1635639427185, 99, POST, 200
1635639427284, 92, POST, 200
1635639427381, 98, POST, 200
1635639427487, 95, POST, 200
1635639427591, 104, POST, 200
1635639427695, 100, POST, 200
1635639427799, 95, POST, 200
1635639427900, 97, POST, 200
1635639427999, 99, POST, 200
1635639425544, 245, POST, 200
1635639425799, 103, POST, 200
1635639425909, 109, POST, 200
1635639426024, 105, POST, 200
1635639426132, 97, POST, 200
1635639426234, 93, POST, 200
1635639426329, 97, POST, 200
1635639426426, 92, POST, 200
1635639426519, 95, POST, 200
1635639426614, 99, POST, 200
1635639426717, 104, POST, 200
1635639426822, 96, POST, 200
1635639426920, 92, POST, 200
1635639427013, 102, POST, 200
1635639427115, 89, POST, 200
1635639427206, 91, POST, 200
1635639427297, 94, POST, 200
1635639427393, 95, POST, 200
1635639427491, 100, POST, 200
1635639427591, 99, POST, 200
1635639427698, 105, POST, 200
1635639427803, 99, POST, 200
1635639427907, 98, POST, 200
1635639428006, 99, POST, 200
1635639425547, 255, POST, 200
1635639425814, 101, POST, 200
1635639425933, 96, POST, 200
1635639426032, 99, POST, 200
1635639426134, 97, POST, 200
1635639426241, 95, POST, 200
1635639426340, 93, POST, 200
1635639426435, 101, POST, 200
1635639426540, 93, POST, 200
1635639426636, 95, POST, 200
1635639426733, 92, POST, 200
1635639426827, 92, POST, 200
1635639426920, 101, POST, 200
1635639427022, 93, POST, 200
1635639427115, 96, POST, 200
1635639427215, 99, POST, 200
1635639427314, 101, POST, 200
1635639427415, 101, POST, 200
1635639427517, 101, POST, 200
1635639427618, 96, POST, 200
1635639427714, 95, POST, 200
1635639427809, 98, POST, 200
1635639427909, 103, POST, 200
1635639428012, 93, POST, 200
1635639425545, 270, POST, 200
1635639425817, 98, POST, 200
1635639425932, 97, POST, 200
1635639426029, 100, POST, 200
1635639426132, 99, POST, 200
1635639426235, 101, POST, 200
1635639426339, 94, POST, 200
1635639426436, 100, POST, 200
1635639426540, 93, POST, 200
1635639426636, 99, POST, 200
1635639426743, 95, POST, 200
1635639426842, 97, POST, 200
1635639426944, 95, POST, 200
1635639427042, 96, POST, 200
1635639427143, 92, POST, 200
1635639427242, 95, POST, 200
1635639427341, 95, POST, 200
1635639427438, 98, POST, 200
1635639427536, 94, POST, 200
1635639427633, 92, POST, 200
1635639427727, 99, POST, 200
1635639427826, 96, POST, 200
1635639427923, 94, POST, 200
1635639428019, 97, POST, 200
1635639425542, 226, POST, 200
1635639425806, 98, POST, 200
1635639425907, 108, POST, 200
1635639426021, 99, POST, 200
1635639426136, 101, POST, 200
1635639426237, 97, POST, 200
1635639426339, 94, POST, 200
1635639426435, 101, POST, 200
1635639426540, 99, POST, 200
1635639426642, 95, POST, 200
1635639426738, 93, POST, 200
1635639426832, 92, POST, 200
1635639426927, 94, POST, 200
1635639427022, 97, POST, 200
1635639427122, 98, POST, 200
1635639427220, 96, POST, 200
1635639427319, 96, POST, 200
1635639427415, 98, POST, 200
1635639427514, 96, POST, 200
1635639427612, 102, POST, 200
1635639427715, 106, POST, 200
1635639427821, 94, POST, 200
1635639427915, 102, POST, 200
1635639428019, 97, POST, 200
1635639425549, 240, POST, 200
1635639425791, 102, POST, 200
1635639425898, 117, POST, 200
1635639426029, 100, POST, 200
1635639426131, 98, POST, 200
1635639426237, 96, POST, 200
1635639426354, 92, POST, 200
1635639426450, 94, POST, 200
1635639426551, 96, POST, 200
1635639426647, 97, POST, 200
1635639426744, 94, POST, 200
1635639426841, 101, POST, 200
1635639426943, 99, POST, 200
1635639427044, 98, POST, 200
1635639427143, 93, POST, 200
1635639427238, 93, POST, 200
1635639427332, 99, POST, 200
1635639427431, 101, POST, 200
1635639427533, 90, POST, 200
1635639427624, 96, POST, 200
1635639427721, 100, POST, 200
1635639427821, 101, POST, 200
1635639427922, 102, POST, 200
1635639428024, 101, POST, 200
1635639425556, 250, POST, 200
1635639425806, 98, POST, 200
1635639425910, 111, POST, 200
1635639426029, 100, POST, 200
1635639426131, 97, POST, 200
1635639426242, 99, POST, 200
1635639426343, 98, POST, 200
1635639426451, 100, POST, 200
1635639426558, 96, POST, 200
1635639426657, 94, POST, 200
1635639426753, 95, POST, 200
1635639426849, 95, POST, 200
1635639426946, 93, POST, 200
1635639427042, 96, POST, 200
1635639427143, 92, POST, 200
1635639427242, 95, POST, 200
1635639427342, 94, POST, 200
1635639427438, 95, POST, 200
1635639427533, 99, POST, 200
1635639427634, 98, POST, 200
1635639427734, 96, POST, 200
1635639427831, 99, POST, 200
1635639427930, 105, POST, 200
1635639428036, 94, POST, 200
1635639428140, 201, POST, 200
1635639428341, 98, POST, 200
1635639428441, 99, POST, 200
1635639428540, 96, POST, 200
1635639428637, 96, POST, 200
1635639428737, 96, POST, 200
1635639428839, 104, POST, 200
1635639428943, 97, POST, 200
1635639429041, 103, POST, 200
1635639429145, 94, POST, 200
1635639429241, 91, POST, 200
1635639429337, 91, POST, 200
1635639429428, 95, POST, 200
1635639429524, 102, POST, 200
1635639429626, 96, POST, 200
1635639429723, 98, POST, 200
1635639428136, 202, POST, 200
1635639428339, 97, POST, 200
1635639428436, 98, POST, 200
1635639428537, 99, POST, 200
1635639428637, 100, POST, 200
1635639428738, 95, POST, 200
1635639428839, 97, POST, 200
1635639428944, 96, POST, 200
1635639429044, 96, POST, 200
1635639429145, 96, POST, 200
1635639429241, 91, POST, 200
1635639429337, 91, POST, 200
1635639429428, 99, POST, 200
1635639429527, 99, POST, 200
1635639429626, 105, POST, 200
1635639429732, 94, POST, 200
1635639428139, 198, POST, 200
1635639428341, 100, POST, 200
1635639428441, 99, POST, 200
1635639428540, 96, POST, 200
1635639428640, 93, POST, 200
1635639428740, 96, POST, 200
1635639428838, 98, POST, 200
1635639428944, 96, POST, 200
1635639429041, 102, POST, 200
1635639429145, 94, POST, 200
1635639429242, 99, POST, 200
1635639429341, 98, POST, 200
1635639429442, 95, POST, 200
1635639429537, 97, POST, 200
1635639429636, 95, POST, 200
1635639429733, 100, POST, 200
1635639428138, 199, POST, 200
1635639428341, 100, POST, 200
1635639428442, 100, POST, 200
1635639428542, 94, POST, 200
1635639428637, 96, POST, 200
1635639428740, 96, POST, 200
1635639428838, 105, POST, 200
1635639428944, 97, POST, 200
1635639429041, 99, POST, 200
1635639429145, 91, POST, 200
1635639429242, 99, POST, 200
1635639429344, 91, POST, 200
1635639429442, 95, POST, 200
1635639429537, 95, POST, 200
1635639429635, 96, POST, 200
1635639429732, 99, POST, 200
1635639428137, 199, POST, 200
1635639428339, 102, POST, 200
1635639428442, 99, POST, 200
1635639428543, 98, POST, 200
1635639428641, 93, POST, 200
1635639428738, 100, POST, 200
1635639428841, 102, POST, 200
1635639428943, 93, POST, 200
1635639429042, 102, POST, 200
1635639429145, 94, POST, 200
1635639429244, 97, POST, 200
1635639429344, 92, POST, 200
1635639429442, 95, POST, 200
1635639429537, 97, POST, 200
1635639429636, 101, POST, 200
1635639429741, 104, POST, 200
1635639428135, 198, POST, 200
1635639428333, 103, POST, 200
1635639428436, 98, POST, 200
1635639428537, 100, POST, 200
1635639428640, 97, POST, 200
1635639428738, 98, POST, 200
1635639428838, 106, POST, 200
1635639428944, 97, POST, 200
1635639429041, 102, POST, 200
1635639429145, 91, POST, 200
1635639429244, 97, POST, 200
1635639429341, 97, POST, 200
1635639429439, 98, POST, 200
1635639429537, 97, POST, 200
1635639429636, 101, POST, 200
1635639429742, 103, POST, 200
1635639428134, 199, POST, 200
1635639428333, 103, POST, 200
1635639428436, 98, POST, 200
1635639428540, 93, POST, 200
1635639428640, 93, POST, 200
1635639428737, 96, POST, 200
1635639428839, 104, POST, 200
1635639428943, 93, POST, 200
1635639429044, 100, POST, 200
1635639429145, 91, POST, 200
1635639429242, 99, POST, 200
1635639429344, 91, POST, 200
1635639429443, 96, POST, 200
1635639429542, 98, POST, 200
1635639429640, 102, POST, 200
1635639429746, 96, POST, 200
1635639428141, 196, POST, 200
1635639428339, 97, POST, 200
1635639428437, 100, POST, 200
1635639428537, 96, POST, 200
1635639428640, 94, POST, 200
1635639428738, 98, POST, 200
1635639428838, 98, POST, 200
1635639428944, 96, POST, 200
1635639429042, 98, POST, 200
1635639429145, 92, POST, 200
1635639429242, 99, POST, 200
1635639429341, 98, POST, 200
1635639429442, 89, POST, 200
1635639429538, 94, POST, 200
1635639429636, 101, POST, 200
1635639429741, 101, POST, 200
